trial_id,condition_pct,condition_role,trial_duration_ms
0,6.0,fit,800.0
1,6.0,fit,800.0
2,6.0,fit,800.0
3,6.0,fit,800.0
4,6.0,fit,800.0
5,6.0,fit,800.0
6,6.0,fit,800.0
7,6.0,fit,800.0
8,6.0,fit,800.0
9,6.0,fit,800.0
10,6.0,fit,800.0
11,6.0,fit,800.0
12,6.0,fit,800.0
13,6.0,fit,800.0
14,6.0,fit,800.0
15,6.0,fit,800.0
16,6.0,fit,800.0
17,6.0,fit,800.0
18,6.0,fit,800.0
19,6.0,fit,800.0
20,6.0,fit,800.0
21,6.0,fit,800.0
22,6.0,fit,800.0
23,6.0,fit,800.0
24,6.0,fit,800.0
25,6.0,fit,800.0
26,6.0,fit,800.0
27,6.0,fit,800.0
28,6.0,fit,800.0
29,6.0,fit,800.0
30,6.0,fit,800.0
31,6.0,fit,800.0
32,6.0,fit,800.0
33,6.0,fit,800.0
34,6.0,fit,800.0
35,6.0,fit,800.0
36,6.0,fit,800.0
37,6.0,fit,800.0
38,6.0,fit,800.0
39,6.0,fit,800.0
40,6.0,fit,800.0
41,6.0,fit,800.0
42,6.0,fit,800.0
43,6.0,fit,800.0
44,6.0,fit,800.0
45,6.0,fit,800.0
46,6.0,fit,800.0
47,6.0,fit,800.0
48,6.0,fit,800.0
49,6.0,fit,800.0
50,6.0,fit,800.0
51,6.0,fit,800.0
52,6.0,fit,800.0
53,6.0,fit,800.0
54,6.0,fit,800.0
55,6.0,fit,800.0
56,6.0,fit,800.0
57,6.0,fit,800.0
58,6.0,fit,800.0
59,6.0,fit,800.0
60,6.0,fit,800.0
61,6.0,fit,800.0
62,6.0,fit,800.0
63,6.0,fit,800.0
64,6.0,fit,800.0
65,6.0,fit,800.0
66,6.0,fit,800.0
67,6.0,fit,800.0
68,6.0,fit,800.0
69,6.0,fit,800.0
70,6.0,fit,800.0
71,6.0,fit,800.0
72,6.0,fit,800.0
73,6.0,fit,800.0
74,6.0,fit,800.0
75,6.0,fit,800.0
76,6.0,fit,800.0
77,6.0,fit,800.0
78,6.0,fit,800.0
79,6.0,fit,800.0
80,6.0,fit,800.0
81,6.0,fit,800.0
82,6.0,fit,800.0
83,6.0,fit,800.0
84,6.0,fit,800.0
85,6.0,fit,800.0
86,6.0,fit,800.0
87,6.0,fit,800.0
88,6.0,fit,800.0
89,6.0,fit,800.0
90,6.0,fit,800.0
91,6.0,fit,800.0
92,6.0,fit,800.0
93,6.0,fit,800.0
94,6.0,fit,800.0
95,6.0,fit,800.0
96,6.0,fit,800.0
97,6.0,fit,800.0
98,6.0,fit,800.0
99,6.0,fit,800.0
100,6.0,fit,800.0
101,6.0,fit,800.0
102,6.0,fit,800.0
103,6.0,fit,800.0
104,6.0,fit,800.0
105,6.0,fit,800.0
106,6.0,fit,800.0
107,6.0,fit,800.0
108,6.0,fit,800.0
109,6.0,fit,800.0
110,6.0,fit,800.0
111,6.0,fit,800.0
112,6.0,fit,800.0
113,6.0,fit,800.0
114,6.0,fit,800.0
115,6.0,fit,800.0
116,6.0,fit,800.0
117,6.0,fit,800.0
118,6.0,fit,800.0
119,6.0,fit,800.0
120,6.0,fit,800.0
121,6.0,fit,800.0
122,6.0,fit,800.0
123,6.0,fit,800.0
124,6.0,fit,800.0
125,6.0,fit,800.0
126,6.0,fit,800.0
127,6.0,fit,800.0
128,6.0,fit,800.0
129,6.0,fit,800.0
130,6.0,fit,800.0
131,6.0,fit,800.0
132,6.0,fit,800.0
133,6.0,fit,800.0
134,6.0,fit,800.0
135,6.0,fit,800.0
136,6.0,fit,800.0
137,6.0,fit,800.0
138,6.0,fit,800.0
139,6.0,fit,800.0
140,6.0,fit,800.0
141,6.0,fit,800.0
142,6.0,fit,800.0
143,6.0,fit,800.0
144,6.0,fit,800.0
145,6.0,fit,800.0
146,6.0,fit,800.0
147,6.0,fit,800.0
148,6.0,fit,800.0
149,6.0,fit,800.0
150,6.0,fit,800.0
151,6.0,fit,800.0
152,6.0,fit,800.0
153,6.0,fit,800.0
154,6.0,fit,800.0
155,6.0,fit,800.0
156,6.0,fit,800.0
157,6.0,fit,800.0
158,6.0,fit,800.0
159,6.0,fit,800.0
160,6.0,fit,800.0
161,6.0,fit,800.0
162,6.0,fit,800.0
163,6.0,fit,800.0
164,6.0,fit,800.0
165,6.0,fit,800.0
166,6.0,fit,800.0
167,6.0,fit,800.0
168,6.0,fit,800.0
169,6.0,fit,800.0
170,6.0,fit,800.0
171,6.0,fit,800.0
172,6.0,fit,800.0
173,6.0,fit,800.0
174,6.0,fit,800.0
175,6.0,fit,800.0
176,6.0,fit,800.0
177,6.0,fit,800.0
178,6.0,fit,800.0
179,6.0,fit,800.0
180,6.0,fit,800.0
181,6.0,fit,800.0
182,6.0,fit,800.0
183,6.0,fit,800.0
184,6.0,fit,800.0
185,6.0,fit,800.0
186,6.0,fit,800.0
187,6.0,fit,800.0
188,6.0,fit,800.0
189,6.0,fit,800.0
190,6.0,fit,800.0
191,6.0,fit,800.0
192,6.0,fit,800.0
193,6.0,fit,800.0
194,6.0,fit,800.0
195,6.0,fit,800.0
196,6.0,fit,800.0
197,6.0,fit,800.0
198,6.0,fit,800.0
199,6.0,fit,800.0
200,6.0,fit,800.0
201,6.0,fit,800.0
202,6.0,fit,800.0
203,6.0,fit,800.0
204,6.0,fit,800.0
205,6.0,fit,800.0
206,6.0,fit,800.0
207,6.0,fit,800.0
208,6.0,fit,800.0
209,6.0,fit,800.0
210,6.0,fit,800.0
211,6.0,fit,800.0
212,6.0,fit,800.0
213,6.0,fit,800.0
214,6.0,fit,800.0
215,6.0,fit,800.0
216,6.0,fit,800.0
217,6.0,fit,800.0
218,6.0,fit,800.0
219,6.0,fit,800.0
220,6.0,fit,800.0
221,6.0,fit,800.0
222,6.0,fit,800.0
223,6.0,fit,800.0
224,6.0,fit,800.0
225,6.0,fit,800.0
226,6.0,fit,800.0
227,6.0,fit,800.0
228,6.0,fit,800.0
229,6.0,fit,800.0
230,6.0,fit,800.0
231,6.0,fit,800.0
232,6.0,fit,800.0
233,6.0,fit,800.0
234,6.0,fit,800.0
235,6.0,fit,800.0
236,6.0,fit,800.0
237,6.0,fit,800.0
238,6.0,fit,800.0
239,6.0,fit,800.0
240,6.0,fit,800.0
241,6.0,fit,800.0
242,6.0,fit,800.0
243,6.0,fit,800.0
244,6.0,fit,800.0
245,6.0,fit,800.0
246,6.0,fit,800.0
247,6.0,fit,800.0
248,6.0,fit,800.0
249,6.0,fit,800.0
250,12.0,holdout,800.0
251,12.0,holdout,800.0
252,12.0,holdout,800.0
253,12.0,holdout,800.0
254,12.0,holdout,800.0
255,12.0,holdout,800.0
256,12.0,holdout,800.0
257,12.0,holdout,800.0
258,12.0,holdout,800.0
259,12.0,holdout,800.0
260,12.0,holdout,800.0
261,12.0,holdout,800.0
262,12.0,holdout,800.0
263,12.0,holdout,800.0
264,12.0,holdout,800.0
265,12.0,holdout,800.0
266,12.0,holdout,800.0
267,12.0,holdout,800.0
268,12.0,holdout,800.0
269,12.0,holdout,800.0
270,12.0,holdout,800.0
271,12.0,holdout,800.0
272,12.0,holdout,800.0
273,12.0,holdout,800.0
274,12.0,holdout,800.0
275,12.0,holdout,800.0
276,12.0,holdout,800.0
277,12.0,holdout,800.0
278,12.0,holdout,800.0
279,12.0,holdout,800.0
280,12.0,holdout,800.0
281,12.0,holdout,800.0
282,12.0,holdout,800.0
283,12.0,holdout,800.0
284,12.0,holdout,800.0
285,12.0,holdout,800.0
286,12.0,holdout,800.0
287,12.0,holdout,800.0
288,12.0,holdout,800.0
289,12.0,holdout,800.0
290,12.0,holdout,800.0
291,12.0,holdout,800.0
292,12.0,holdout,800.0
293,12.0,holdout,800.0
294,12.0,holdout,800.0
295,12.0,holdout,800.0
296,12.0,holdout,800.0
297,12.0,holdout,800.0
298,12.0,holdout,800.0
299,12.0,holdout,800.0
300,12.0,holdout,800.0
301,12.0,holdout,800.0
302,12.0,holdout,800.0
303,12.0,holdout,800.0
304,12.0,holdout,800.0
305,12.0,holdout,800.0
306,12.0,holdout,800.0
307,12.0,holdout,800.0
308,12.0,holdout,800.0
309,12.0,holdout,800.0
310,12.0,holdout,800.0
311,12.0,holdout,800.0
312,12.0,holdout,800.0
313,12.0,holdout,800.0
314,12.0,holdout,800.0
315,12.0,holdout,800.0
316,12.0,holdout,800.0
317,12.0,holdout,800.0
318,12.0,holdout,800.0
319,12.0,holdout,800.0
320,12.0,holdout,800.0
321,12.0,holdout,800.0
322,12.0,holdout,800.0
323,12.0,holdout,800.0
324,12.0,holdout,800.0
325,12.0,holdout,800.0
326,12.0,holdout,800.0
327,12.0,holdout,800.0
328,12.0,holdout,800.0
329,12.0,holdout,800.0
330,12.0,holdout,800.0
331,12.0,holdout,800.0
332,12.0,holdout,800.0
333,12.0,holdout,800.0
334,12.0,holdout,800.0
335,12.0,holdout,800.0
336,12.0,holdout,800.0
337,12.0,holdout,800.0
338,12.0,holdout,800.0
339,12.0,holdout,800.0
340,12.0,holdout,800.0
341,12.0,holdout,800.0
342,12.0,holdout,800.0
343,12.0,holdout,800.0
344,12.0,holdout,800.0
345,12.0,holdout,800.0
346,12.0,holdout,800.0
347,12.0,holdout,800.0
348,12.0,holdout,800.0
349,12.0,holdout,800.0
350,12.0,holdout,800.0
351,12.0,holdout,800.0
352,12.0,holdout,800.0
353,12.0,holdout,800.0
354,12.0,holdout,800.0
355,12.0,holdout,800.0
356,12.0,holdout,800.0
357,12.0,holdout,800.0
358,12.0,holdout,800.0
359,12.0,holdout,800.0
360,12.0,holdout,800.0
361,12.0,holdout,800.0
362,12.0,holdout,800.0
363,12.0,holdout,800.0
364,12.0,holdout,800.0
365,12.0,holdout,800.0
366,12.0,holdout,800.0
367,12.0,holdout,800.0
368,12.0,holdout,800.0
369,12.0,holdout,800.0
370,12.0,holdout,800.0
371,12.0,holdout,800.0
372,12.0,holdout,800.0
373,12.0,holdout,800.0
374,12.0,holdout,800.0
375,12.0,holdout,800.0
376,12.0,holdout,800.0
377,12.0,holdout,800.0
378,12.0,holdout,800.0
379,12.0,holdout,800.0
380,12.0,holdout,800.0
381,12.0,holdout,800.0
382,12.0,holdout,800.0
383,12.0,holdout,800.0
384,12.0,holdout,800.0
385,12.0,holdout,800.0
386,12.0,holdout,800.0
387,12.0,holdout,800.0
388,12.0,holdout,800.0
389,12.0,holdout,800.0
390,12.0,holdout,800.0
391,12.0,holdout,800.0
392,12.0,holdout,800.0
393,12.0,holdout,800.0
394,12.0,holdout,800.0
395,12.0,holdout,800.0
396,12.0,holdout,800.0
397,12.0,holdout,800.0
398,12.0,holdout,800.0
399,12.0,holdout,800.0
400,12.0,holdout,800.0
401,12.0,holdout,800.0
402,12.0,holdout,800.0
403,12.0,holdout,800.0
404,12.0,holdout,800.0
405,12.0,holdout,800.0
406,12.0,holdout,800.0
407,12.0,holdout,800.0
408,12.0,holdout,800.0
409,12.0,holdout,800.0
410,12.0,holdout,800.0
411,12.0,holdout,800.0
412,12.0,holdout,800.0
413,12.0,holdout,800.0
414,12.0,holdout,800.0
415,12.0,holdout,800.0
416,12.0,holdout,800.0
417,12.0,holdout,800.0
418,12.0,holdout,800.0
419,12.0,holdout,800.0
420,12.0,holdout,800.0
421,12.0,holdout,800.0
422,12.0,holdout,800.0
423,12.0,holdout,800.0
424,12.0,holdout,800.0
425,12.0,holdout,800.0
426,12.0,holdout,800.0
427,12.0,holdout,800.0
428,12.0,holdout,800.0
429,12.0,holdout,800.0
430,12.0,holdout,800.0
431,12.0,holdout,800.0
432,12.0,holdout,800.0
433,12.0,holdout,800.0
434,12.0,holdout,800.0
435,12.0,holdout,800.0
436,12.0,holdout,800.0
437,12.0,holdout,800.0
438,12.0,holdout,800.0
439,12.0,holdout,800.0
440,12.0,holdout,800.0
441,12.0,holdout,800.0
442,12.0,holdout,800.0
443,12.0,holdout,800.0
444,12.0,holdout,800.0
445,12.0,holdout,800.0
446,12.0,holdout,800.0
447,12.0,holdout,800.0
448,12.0,holdout,800.0
449,12.0,holdout,800.0
450,12.0,holdout,800.0
451,12.0,holdout,800.0
452,12.0,holdout,800.0
453,12.0,holdout,800.0
454,12.0,holdout,800.0
455,12.0,holdout,800.0
456,12.0,holdout,800.0
457,12.0,holdout,800.0
458,12.0,holdout,800.0
459,12.0,holdout,800.0
460,12.0,holdout,800.0
461,12.0,holdout,800.0
462,12.0,holdout,800.0
463,12.0,holdout,800.0
464,12.0,holdout,800.0
465,12.0,holdout,800.0
466,12.0,holdout,800.0
467,12.0,holdout,800.0
468,12.0,holdout,800.0
469,12.0,holdout,800.0
470,12.0,holdout,800.0
471,12.0,holdout,800.0
472,12.0,holdout,800.0
473,12.0,holdout,800.0
474,12.0,holdout,800.0
475,12.0,holdout,800.0
476,12.0,holdout,800.0
477,12.0,holdout,800.0
478,12.0,holdout,800.0
479,12.0,holdout,800.0
480,12.0,holdout,800.0
481,12.0,holdout,800.0
482,12.0,holdout,800.0
483,12.0,holdout,800.0
484,12.0,holdout,800.0
485,12.0,holdout,800.0
486,12.0,holdout,800.0
487,12.0,holdout,800.0
488,12.0,holdout,800.0
489,12.0,holdout,800.0
490,12.0,holdout,800.0
491,12.0,holdout,800.0
492,12.0,holdout,800.0
493,12.0,holdout,800.0
494,12.0,holdout,800.0
495,12.0,holdout,800.0
496,12.0,holdout,800.0
497,12.0,holdout,800.0
498,12.0,holdout,800.0
499,12.0,holdout,800.0
500,25.0,fit,800.0
501,25.0,fit,800.0
502,25.0,fit,800.0
503,25.0,fit,800.0
504,25.0,fit,800.0
505,25.0,fit,800.0
506,25.0,fit,800.0
507,25.0,fit,800.0
508,25.0,fit,800.0
509,25.0,fit,800.0
510,25.0,fit,800.0
511,25.0,fit,800.0
512,25.0,fit,800.0
513,25.0,fit,800.0
514,25.0,fit,800.0
515,25.0,fit,800.0
516,25.0,fit,800.0
517,25.0,fit,800.0
518,25.0,fit,800.0
519,25.0,fit,800.0
520,25.0,fit,800.0
521,25.0,fit,800.0
522,25.0,fit,800.0
523,25.0,fit,800.0
524,25.0,fit,800.0
525,25.0,fit,800.0
526,25.0,fit,800.0
527,25.0,fit,800.0
528,25.0,fit,800.0
529,25.0,fit,800.0
530,25.0,fit,800.0
531,25.0,fit,800.0
532,25.0,fit,800.0
533,25.0,fit,800.0
534,25.0,fit,800.0
535,25.0,fit,800.0
536,25.0,fit,800.0
537,25.0,fit,800.0
538,25.0,fit,800.0
539,25.0,fit,800.0
540,25.0,fit,800.0
541,25.0,fit,800.0
542,25.0,fit,800.0
543,25.0,fit,800.0
544,25.0,fit,800.0
545,25.0,fit,800.0
546,25.0,fit,800.0
547,25.0,fit,800.0
548,25.0,fit,800.0
549,25.0,fit,800.0
550,25.0,fit,800.0
551,25.0,fit,800.0
552,25.0,fit,800.0
553,25.0,fit,800.0
554,25.0,fit,800.0
555,25.0,fit,800.0
556,25.0,fit,800.0
557,25.0,fit,800.0
558,25.0,fit,800.0
559,25.0,fit,800.0
560,25.0,fit,800.0
561,25.0,fit,800.0
562,25.0,fit,800.0
563,25.0,fit,800.0
564,25.0,fit,800.0
565,25.0,fit,800.0
566,25.0,fit,800.0
567,25.0,fit,800.0
568,25.0,fit,800.0
569,25.0,fit,800.0
570,25.0,fit,800.0
571,25.0,fit,800.0
572,25.0,fit,800.0
573,25.0,fit,800.0
574,25.0,fit,800.0
575,25.0,fit,800.0
576,25.0,fit,800.0
577,25.0,fit,800.0
578,25.0,fit,800.0
579,25.0,fit,800.0
580,25.0,fit,800.0
581,25.0,fit,800.0
582,25.0,fit,800.0
583,25.0,fit,800.0
584,25.0,fit,800.0
585,25.0,fit,800.0
586,25.0,fit,800.0
587,25.0,fit,800.0
588,25.0,fit,800.0
589,25.0,fit,800.0
590,25.0,fit,800.0
591,25.0,fit,800.0
592,25.0,fit,800.0
593,25.0,fit,800.0
594,25.0,fit,800.0
595,25.0,fit,800.0
596,25.0,fit,800.0
597,25.0,fit,800.0
598,25.0,fit,800.0
599,25.0,fit,800.0
600,25.0,fit,800.0
601,25.0,fit,800.0
602,25.0,fit,800.0
603,25.0,fit,800.0
604,25.0,fit,800.0
605,25.0,fit,800.0
606,25.0,fit,800.0
607,25.0,fit,800.0
608,25.0,fit,800.0
609,25.0,fit,800.0
610,25.0,fit,800.0
611,25.0,fit,800.0
612,25.0,fit,800.0
613,25.0,fit,800.0
614,25.0,fit,800.0
615,25.0,fit,800.0
616,25.0,fit,800.0
617,25.0,fit,800.0
618,25.0,fit,800.0
619,25.0,fit,800.0
620,25.0,fit,800.0
621,25.0,fit,800.0
622,25.0,fit,800.0
623,25.0,fit,800.0
624,25.0,fit,800.0
625,25.0,fit,800.0
626,25.0,fit,800.0
627,25.0,fit,800.0
628,25.0,fit,800.0
629,25.0,fit,800.0
630,25.0,fit,800.0
631,25.0,fit,800.0
632,25.0,fit,800.0
633,25.0,fit,800.0
634,25.0,fit,800.0
635,25.0,fit,800.0
636,25.0,fit,800.0
637,25.0,fit,800.0
638,25.0,fit,800.0
639,25.0,fit,800.0
640,25.0,fit,800.0
641,25.0,fit,800.0
642,25.0,fit,800.0
643,25.0,fit,800.0
644,25.0,fit,800.0
645,25.0,fit,800.0
646,25.0,fit,800.0
647,25.0,fit,800.0
648,25.0,fit,800.0
649,25.0,fit,800.0
650,25.0,fit,800.0
651,25.0,fit,800.0
652,25.0,fit,800.0
653,25.0,fit,800.0
654,25.0,fit,800.0
655,25.0,fit,800.0
656,25.0,fit,800.0
657,25.0,fit,800.0
658,25.0,fit,800.0
659,25.0,fit,800.0
660,25.0,fit,800.0
661,25.0,fit,800.0
662,25.0,fit,800.0
663,25.0,fit,800.0
664,25.0,fit,800.0
665,25.0,fit,800.0
666,25.0,fit,800.0
667,25.0,fit,800.0
668,25.0,fit,800.0
669,25.0,fit,800.0
670,25.0,fit,800.0
671,25.0,fit,800.0
672,25.0,fit,800.0
673,25.0,fit,800.0
674,25.0,fit,800.0
675,25.0,fit,800.0
676,25.0,fit,800.0
677,25.0,fit,800.0
678,25.0,fit,800.0
679,25.0,fit,800.0
680,25.0,fit,800.0
681,25.0,fit,800.0
682,25.0,fit,800.0
683,25.0,fit,800.0
684,25.0,fit,800.0
685,25.0,fit,800.0
686,25.0,fit,800.0
687,25.0,fit,800.0
688,25.0,fit,800.0
689,25.0,fit,800.0
690,25.0,fit,800.0
691,25.0,fit,800.0
692,25.0,fit,800.0
693,25.0,fit,800.0
694,25.0,fit,800.0
695,25.0,fit,800.0
696,25.0,fit,800.0
697,25.0,fit,800.0
698,25.0,fit,800.0
699,25.0,fit,800.0
700,25.0,fit,800.0
701,25.0,fit,800.0
702,25.0,fit,800.0
703,25.0,fit,800.0
704,25.0,fit,800.0
705,25.0,fit,800.0
706,25.0,fit,800.0
707,25.0,fit,800.0
708,25.0,fit,800.0
709,25.0,fit,800.0
710,25.0,fit,800.0
711,25.0,fit,800.0
712,25.0,fit,800.0
713,25.0,fit,800.0
714,25.0,fit,800.0
715,25.0,fit,800.0
716,25.0,fit,800.0
717,25.0,fit,800.0
718,25.0,fit,800.0
719,25.0,fit,800.0
720,25.0,fit,800.0
721,25.0,fit,800.0
722,25.0,fit,800.0
723,25.0,fit,800.0
724,25.0,fit,800.0
725,25.0,fit,800.0
726,25.0,fit,800.0
727,25.0,fit,800.0
728,25.0,fit,800.0
729,25.0,fit,800.0
730,25.0,fit,800.0
731,25.0,fit,800.0
732,25.0,fit,800.0
733,25.0,fit,800.0
734,25.0,fit,800.0
735,25.0,fit,800.0
736,25.0,fit,800.0
737,25.0,fit,800.0
738,25.0,fit,800.0
739,25.0,fit,800.0
740,25.0,fit,800.0
741,25.0,fit,800.0
742,25.0,fit,800.0
743,25.0,fit,800.0
744,25.0,fit,800.0
745,25.0,fit,800.0
746,25.0,fit,800.0
747,25.0,fit,800.0
748,25.0,fit,800.0
749,25.0,fit,800.0
750,50.0,holdout,800.0
751,50.0,holdout,800.0
752,50.0,holdout,800.0
753,50.0,holdout,800.0
754,50.0,holdout,800.0
755,50.0,holdout,800.0
756,50.0,holdout,800.0
757,50.0,holdout,800.0
758,50.0,holdout,800.0
759,50.0,holdout,800.0
760,50.0,holdout,800.0
761,50.0,holdout,800.0
762,50.0,holdout,800.0
763,50.0,holdout,800.0
764,50.0,holdout,800.0
765,50.0,holdout,800.0
766,50.0,holdout,800.0
767,50.0,holdout,800.0
768,50.0,holdout,800.0
769,50.0,holdout,800.0
770,50.0,holdout,800.0
771,50.0,holdout,800.0
772,50.0,holdout,800.0
773,50.0,holdout,800.0
774,50.0,holdout,800.0
775,50.0,holdout,800.0
776,50.0,holdout,800.0
777,50.0,holdout,800.0
778,50.0,holdout,800.0
779,50.0,holdout,800.0
780,50.0,holdout,800.0
781,50.0,holdout,800.0
782,50.0,holdout,800.0
783,50.0,holdout,800.0
784,50.0,holdout,800.0
785,50.0,holdout,800.0
786,50.0,holdout,800.0
787,50.0,holdout,800.0
788,50.0,holdout,800.0
789,50.0,holdout,800.0
790,50.0,holdout,800.0
791,50.0,holdout,800.0
792,50.0,holdout,800.0
793,50.0,holdout,800.0
794,50.0,holdout,800.0
795,50.0,holdout,800.0
796,50.0,holdout,800.0
797,50.0,holdout,800.0
798,50.0,holdout,800.0
799,50.0,holdout,800.0
800,50.0,holdout,800.0
801,50.0,holdout,800.0
802,50.0,holdout,800.0
803,50.0,holdout,800.0
804,50.0,holdout,800.0
805,50.0,holdout,800.0
806,50.0,holdout,800.0
807,50.0,holdout,800.0
808,50.0,holdout,800.0
809,50.0,holdout,800.0
810,50.0,holdout,800.0
811,50.0,holdout,800.0
812,50.0,holdout,800.0
813,50.0,holdout,800.0
814,50.0,holdout,800.0
815,50.0,holdout,800.0
816,50.0,holdout,800.0
817,50.0,holdout,800.0
818,50.0,holdout,800.0
819,50.0,holdout,800.0
820,50.0,holdout,800.0
821,50.0,holdout,800.0
822,50.0,holdout,800.0
823,50.0,holdout,800.0
824,50.0,holdout,800.0
825,50.0,holdout,800.0
826,50.0,holdout,800.0
827,50.0,holdout,800.0
828,50.0,holdout,800.0
829,50.0,holdout,800.0
830,50.0,holdout,800.0
831,50.0,holdout,800.0
832,50.0,holdout,800.0
833,50.0,holdout,800.0
834,50.0,holdout,800.0
835,50.0,holdout,800.0
836,50.0,holdout,800.0
837,50.0,holdout,800.0
838,50.0,holdout,800.0
839,50.0,holdout,800.0
840,50.0,holdout,800.0
841,50.0,holdout,800.0
842,50.0,holdout,800.0
843,50.0,holdout,800.0
844,50.0,holdout,800.0
845,50.0,holdout,800.0
846,50.0,holdout,800.0
847,50.0,holdout,800.0
848,50.0,holdout,800.0
849,50.0,holdout,800.0
850,50.0,holdout,800.0
851,50.0,holdout,800.0
852,50.0,holdout,800.0
853,50.0,holdout,800.0
854,50.0,holdout,800.0
855,50.0,holdout,800.0
856,50.0,holdout,800.0
857,50.0,holdout,800.0
858,50.0,holdout,800.0
859,50.0,holdout,800.0
860,50.0,holdout,800.0
861,50.0,holdout,800.0
862,50.0,holdout,800.0
863,50.0,holdout,800.0
864,50.0,holdout,800.0
865,50.0,holdout,800.0
866,50.0,holdout,800.0
867,50.0,holdout,800.0
868,50.0,holdout,800.0
869,50.0,holdout,800.0
870,50.0,holdout,800.0
871,50.0,holdout,800.0
872,50.0,holdout,800.0
873,50.0,holdout,800.0
874,50.0,holdout,800.0
875,50.0,holdout,800.0
876,50.0,holdout,800.0
877,50.0,holdout,800.0
878,50.0,holdout,800.0
879,50.0,holdout,800.0
880,50.0,holdout,800.0
881,50.0,holdout,800.0
882,50.0,holdout,800.0
883,50.0,holdout,800.0
884,50.0,holdout,800.0
885,50.0,holdout,800.0
886,50.0,holdout,800.0
887,50.0,holdout,800.0
888,50.0,holdout,800.0
889,50.0,holdout,800.0
890,50.0,holdout,800.0
891,50.0,holdout,800.0
892,50.0,holdout,800.0
893,50.0,holdout,800.0
894,50.0,holdout,800.0
895,50.0,holdout,800.0
896,50.0,holdout,800.0
897,50.0,holdout,800.0
898,50.0,holdout,800.0
899,50.0,holdout,800.0
900,50.0,holdout,800.0
901,50.0,holdout,800.0
902,50.0,holdout,800.0
903,50.0,holdout,800.0
904,50.0,holdout,800.0
905,50.0,holdout,800.0
906,50.0,holdout,800.0
907,50.0,holdout,800.0
908,50.0,holdout,800.0
909,50.0,holdout,800.0
910,50.0,holdout,800.0
911,50.0,holdout,800.0
912,50.0,holdout,800.0
913,50.0,holdout,800.0
914,50.0,holdout,800.0
915,50.0,holdout,800.0
916,50.0,holdout,800.0
917,50.0,holdout,800.0
918,50.0,holdout,800.0
919,50.0,holdout,800.0
920,50.0,holdout,800.0
921,50.0,holdout,800.0
922,50.0,holdout,800.0
923,50.0,holdout,800.0
924,50.0,holdout,800.0
925,50.0,holdout,800.0
926,50.0,holdout,800.0
927,50.0,holdout,800.0
928,50.0,holdout,800.0
929,50.0,holdout,800.0
930,50.0,holdout,800.0
931,50.0,holdout,800.0
932,50.0,holdout,800.0
933,50.0,holdout,800.0
934,50.0,holdout,800.0
935,50.0,holdout,800.0
936,50.0,holdout,800.0
937,50.0,holdout,800.0
938,50.0,holdout,800.0
939,50.0,holdout,800.0
940,50.0,holdout,800.0
941,50.0,holdout,800.0
942,50.0,holdout,800.0
943,50.0,holdout,800.0
944,50.0,holdout,800.0
945,50.0,holdout,800.0
946,50.0,holdout,800.0
947,50.0,holdout,800.0
948,50.0,holdout,800.0
949,50.0,holdout,800.0
950,50.0,holdout,800.0
951,50.0,holdout,800.0
952,50.0,holdout,800.0
953,50.0,holdout,800.0
954,50.0,holdout,800.0
955,50.0,holdout,800.0
956,50.0,holdout,800.0
957,50.0,holdout,800.0
958,50.0,holdout,800.0
959,50.0,holdout,800.0
960,50.0,holdout,800.0
961,50.0,holdout,800.0
962,50.0,holdout,800.0
963,50.0,holdout,800.0
964,50.0,holdout,800.0
965,50.0,holdout,800.0
966,50.0,holdout,800.0
967,50.0,holdout,800.0
968,50.0,holdout,800.0
969,50.0,holdout,800.0
970,50.0,holdout,800.0
971,50.0,holdout,800.0
972,50.0,holdout,800.0
973,50.0,holdout,800.0
974,50.0,holdout,800.0
975,50.0,holdout,800.0
976,50.0,holdout,800.0
977,50.0,holdout,800.0
978,50.0,holdout,800.0
979,50.0,holdout,800.0
980,50.0,holdout,800.0
981,50.0,holdout,800.0
982,50.0,holdout,800.0
983,50.0,holdout,800.0
984,50.0,holdout,800.0
985,50.0,holdout,800.0
986,50.0,holdout,800.0
987,50.0,holdout,800.0
988,50.0,holdout,800.0
989,50.0,holdout,800.0
990,50.0,holdout,800.0
991,50.0,holdout,800.0
992,50.0,holdout,800.0
993,50.0,holdout,800.0
994,50.0,holdout,800.0
995,50.0,holdout,800.0
996,50.0,holdout,800.0
997,50.0,holdout,800.0
998,50.0,holdout,800.0
999,50.0,holdout,800.0
1000,100.0,fit,800.0
1001,100.0,fit,800.0
1002,100.0,fit,800.0
1003,100.0,fit,800.0
1004,100.0,fit,800.0
1005,100.0,fit,800.0
1006,100.0,fit,800.0
1007,100.0,fit,800.0
1008,100.0,fit,800.0
1009,100.0,fit,800.0
1010,100.0,fit,800.0
1011,100.0,fit,800.0
1012,100.0,fit,800.0
1013,100.0,fit,800.0
1014,100.0,fit,800.0
1015,100.0,fit,800.0
1016,100.0,fit,800.0
1017,100.0,fit,800.0
1018,100.0,fit,800.0
1019,100.0,fit,800.0
1020,100.0,fit,800.0
1021,100.0,fit,800.0
1022,100.0,fit,800.0
1023,100.0,fit,800.0
1024,100.0,fit,800.0
1025,100.0,fit,800.0
1026,100.0,fit,800.0
1027,100.0,fit,800.0
1028,100.0,fit,800.0
1029,100.0,fit,800.0
1030,100.0,fit,800.0
1031,100.0,fit,800.0
1032,100.0,fit,800.0
1033,100.0,fit,800.0
1034,100.0,fit,800.0
1035,100.0,fit,800.0
1036,100.0,fit,800.0
1037,100.0,fit,800.0
1038,100.0,fit,800.0
1039,100.0,fit,800.0
1040,100.0,fit,800.0
1041,100.0,fit,800.0
1042,100.0,fit,800.0
1043,100.0,fit,800.0
1044,100.0,fit,800.0
1045,100.0,fit,800.0
1046,100.0,fit,800.0
1047,100.0,fit,800.0
1048,100.0,fit,800.0
1049,100.0,fit,800.0
1050,100.0,fit,800.0
1051,100.0,fit,800.0
1052,100.0,fit,800.0
1053,100.0,fit,800.0
1054,100.0,fit,800.0
1055,100.0,fit,800.0
1056,100.0,fit,800.0
1057,100.0,fit,800.0
1058,100.0,fit,800.0
1059,100.0,fit,800.0
1060,100.0,fit,800.0
1061,100.0,fit,800.0
1062,100.0,fit,800.0
1063,100.0,fit,800.0
1064,100.0,fit,800.0
1065,100.0,fit,800.0
1066,100.0,fit,800.0
1067,100.0,fit,800.0
1068,100.0,fit,800.0
1069,100.0,fit,800.0
1070,100.0,fit,800.0
1071,100.0,fit,800.0
1072,100.0,fit,800.0
1073,100.0,fit,800.0
1074,100.0,fit,800.0
1075,100.0,fit,800.0
1076,100.0,fit,800.0
1077,100.0,fit,800.0
1078,100.0,fit,800.0
1079,100.0,fit,800.0
1080,100.0,fit,800.0
1081,100.0,fit,800.0
1082,100.0,fit,800.0
1083,100.0,fit,800.0
1084,100.0,fit,800.0
1085,100.0,fit,800.0
1086,100.0,fit,800.0
1087,100.0,fit,800.0
1088,100.0,fit,800.0
1089,100.0,fit,800.0
1090,100.0,fit,800.0
1091,100.0,fit,800.0
1092,100.0,fit,800.0
1093,100.0,fit,800.0
1094,100.0,fit,800.0
1095,100.0,fit,800.0
1096,100.0,fit,800.0
1097,100.0,fit,800.0
1098,100.0,fit,800.0
1099,100.0,fit,800.0
1100,100.0,fit,800.0
1101,100.0,fit,800.0
1102,100.0,fit,800.0
1103,100.0,fit,800.0
1104,100.0,fit,800.0
1105,100.0,fit,800.0
1106,100.0,fit,800.0
1107,100.0,fit,800.0
1108,100.0,fit,800.0
1109,100.0,fit,800.0
1110,100.0,fit,800.0
1111,100.0,fit,800.0
1112,100.0,fit,800.0
1113,100.0,fit,800.0
1114,100.0,fit,800.0
1115,100.0,fit,800.0
1116,100.0,fit,800.0
1117,100.0,fit,800.0
1118,100.0,fit,800.0
1119,100.0,fit,800.0
1120,100.0,fit,800.0
1121,100.0,fit,800.0
1122,100.0,fit,800.0
1123,100.0,fit,800.0
1124,100.0,fit,800.0
1125,100.0,fit,800.0
1126,100.0,fit,800.0
1127,100.0,fit,800.0
1128,100.0,fit,800.0
1129,100.0,fit,800.0
1130,100.0,fit,800.0
1131,100.0,fit,800.0
1132,100.0,fit,800.0
1133,100.0,fit,800.0
1134,100.0,fit,800.0
1135,100.0,fit,800.0
1136,100.0,fit,800.0
1137,100.0,fit,800.0
1138,100.0,fit,800.0
1139,100.0,fit,800.0
1140,100.0,fit,800.0
1141,100.0,fit,800.0
1142,100.0,fit,800.0
1143,100.0,fit,800.0
1144,100.0,fit,800.0
1145,100.0,fit,800.0
1146,100.0,fit,800.0
1147,100.0,fit,800.0
1148,100.0,fit,800.0
1149,100.0,fit,800.0
1150,100.0,fit,800.0
1151,100.0,fit,800.0
1152,100.0,fit,800.0
1153,100.0,fit,800.0
1154,100.0,fit,800.0
1155,100.0,fit,800.0
1156,100.0,fit,800.0
1157,100.0,fit,800.0
1158,100.0,fit,800.0
1159,100.0,fit,800.0
1160,100.0,fit,800.0
1161,100.0,fit,800.0
1162,100.0,fit,800.0
1163,100.0,fit,800.0
1164,100.0,fit,800.0
1165,100.0,fit,800.0
1166,100.0,fit,800.0
1167,100.0,fit,800.0
1168,100.0,fit,800.0
1169,100.0,fit,800.0
1170,100.0,fit,800.0
1171,100.0,fit,800.0
1172,100.0,fit,800.0
1173,100.0,fit,800.0
1174,100.0,fit,800.0
1175,100.0,fit,800.0
1176,100.0,fit,800.0
1177,100.0,fit,800.0
1178,100.0,fit,800.0
1179,100.0,fit,800.0
1180,100.0,fit,800.0
1181,100.0,fit,800.0
1182,100.0,fit,800.0
1183,100.0,fit,800.0
1184,100.0,fit,800.0
1185,100.0,fit,800.0
1186,100.0,fit,800.0
1187,100.0,fit,800.0
1188,100.0,fit,800.0
1189,100.0,fit,800.0
1190,100.0,fit,800.0
1191,100.0,fit,800.0
1192,100.0,fit,800.0
1193,100.0,fit,800.0
1194,100.0,fit,800.0
1195,100.0,fit,800.0
1196,100.0,fit,800.0
1197,100.0,fit,800.0
1198,100.0,fit,800.0
1199,100.0,fit,800.0
1200,100.0,fit,800.0
1201,100.0,fit,800.0
1202,100.0,fit,800.0
1203,100.0,fit,800.0
1204,100.0,fit,800.0
1205,100.0,fit,800.0
1206,100.0,fit,800.0
1207,100.0,fit,800.0
1208,100.0,fit,800.0
1209,100.0,fit,800.0
1210,100.0,fit,800.0
1211,100.0,fit,800.0
1212,100.0,fit,800.0
1213,100.0,fit,800.0
1214,100.0,fit,800.0
1215,100.0,fit,800.0
1216,100.0,fit,800.0
1217,100.0,fit,800.0
1218,100.0,fit,800.0
1219,100.0,fit,800.0
1220,100.0,fit,800.0
1221,100.0,fit,800.0
1222,100.0,fit,800.0
1223,100.0,fit,800.0
1224,100.0,fit,800.0
1225,100.0,fit,800.0
1226,100.0,fit,800.0
1227,100.0,fit,800.0
1228,100.0,fit,800.0
1229,100.0,fit,800.0
1230,100.0,fit,800.0
1231,100.0,fit,800.0
1232,100.0,fit,800.0
1233,100.0,fit,800.0
1234,100.0,fit,800.0
1235,100.0,fit,800.0
1236,100.0,fit,800.0
1237,100.0,fit,800.0
1238,100.0,fit,800.0
1239,100.0,fit,800.0
1240,100.0,fit,800.0
1241,100.0,fit,800.0
1242,100.0,fit,800.0
1243,100.0,fit,800.0
1244,100.0,fit,800.0
1245,100.0,fit,800.0
1246,100.0,fit,800.0
1247,100.0,fit,800.0
1248,100.0,fit,800.0
1249,100.0,fit,800.0
