condition_id,trial,spike_time_ms
2,0,6.875563569590768
2,9,5.449180141671669
3,0,4.2784941074458445
3,1,3.614121814306305
3,2,3.105083148339875
3,2,22.039005524215288
3,3,3.3963047040788905
3,4,3.4343938641979244
3,5,3.5456859399328655
3,6,3.139845319121945
3,7,3.0542165974540576
3,8,3.2431635885839425
3,8,123.92900901003075
3,9,3.030030394009048
4,0,2.6085001084928763
4,0,21.577442675508873
4,0,75.80910669808797
4,0,93.17717623775488
4,0,110.00731178117817
4,0,127.50769092665901
4,0,145.30243403023624
4,1,2.6897833004117504
4,1,20.147601493542886
4,1,37.359921136300805
4,1,54.07046967737575
4,1,190.68618746479657
4,2,2.6163623309587485
4,2,20.621798324863104
4,2,40.63752896952171
4,2,60.056827439851276
4,2,79.65236217793345
4,2,97.4082300596039
4,2,113.90650821805225
4,2,130.55565826050125
4,3,2.6188030328097565
4,3,23.75445757700213
4,3,39.31406106442959
4,3,55.44502396896692
4,4,2.577387650640069
4,4,57.74824119052592
4,5,2.3628859062987204
4,6,2.649319465108099
4,6,19.3620846305744
4,6,36.289905320501134
4,6,69.10389553816684
4,7,2.648963984066301
4,7,21.08150928425046
4,7,38.4055904768536
4,7,55.64570051298839
4,7,178.7226080843087
4,8,2.603411025770431
4,8,20.506900665575277
4,8,40.17030960502505
4,9,2.455671631519466
4,9,81.46925823929809
4,9,98.49882960932749
5,0,2.0039275584479093
5,0,73.60887591329586
5,0,88.4899460107275
5,0,104.67519102663908
5,0,121.38034718827382
5,0,138.32319448959691
5,0,153.72941316241858
5,0,170.69692306897795
5,0,186.1496324649087
5,1,2.1519125681269116
5,1,18.212181867601146
5,1,34.59966297436835
5,1,50.791239897228884
5,1,66.51301307172231
5,1,84.00985720593921
5,1,99.17151827267593
5,1,114.71158457646433
5,1,130.88884421002166
5,1,147.30277328593604
5,2,2.3159878412760304
5,2,18.217723945866922
5,2,34.71329006470589
5,2,52.10245627985499
5,2,68.41317804975414
5,2,82.83528880533765
5,2,97.77967220501726
5,2,117.20307683508986
5,2,132.2853811167682
5,2,150.23920044084778
5,2,165.77987782972838
5,2,182.63283749309596
5,2,198.6753679843247
5,3,2.2382118463838716
5,3,19.767737199246557
5,3,39.0130813380461
5,3,55.96850339033051
5,3,71.95422785437415
5,3,88.98790094023381
5,3,103.92495201221703
5,3,122.40401796753441
5,3,138.68950260829953
5,3,167.78488063875878
5,4,2.2007330221170944
5,4,18.607041866863977
5,4,34.63389616134693
5,4,63.103760750903895
5,4,78.5607103664879
5,4,94.10354296472255
5,4,156.45417814747876
5,4,172.64793664019953
5,5,2.16189090159938
5,5,18.87236179349672
5,5,33.638475782929135
5,5,50.5760453752028
5,5,65.85172640364985
5,5,82.81855632691138
5,5,98.88080367274678
5,5,147.07601970497882
5,5,163.68032002808172
5,5,180.3428956424254
5,5,196.5493224776487
5,6,2.2389375546643655
5,6,18.35522799426003
5,6,33.641496174752334
5,6,48.49891224203489
5,6,65.02946509945184
5,6,79.97706840939412
5,6,96.64481356841499
5,6,111.6877358533597
5,6,128.07409266142312
5,6,143.8851017936729
5,6,159.8724456720638
5,6,174.74576909028102
5,6,190.01013608740445
5,7,2.1287349636769983
5,7,17.985226500395108
5,7,59.070379972454674
5,7,74.1180651198094
5,7,90.61718618982788
5,7,107.02895855798519
5,7,122.79009956283305
5,7,139.03170969666905
5,7,154.8243166492953
5,7,172.7628069376183
5,7,189.47543963381494
5,8,2.43808659661795
5,8,18.86914282166614
5,8,35.57243896873524
5,8,51.123879575476444
5,8,66.67315164154799
5,8,82.63027070647598
5,8,97.82780534253835
5,8,125.65552282587326
5,8,141.68869598928697
5,8,157.1451809669979
5,8,174.14648563328905
5,8,189.44891116239089
5,9,2.116755188783944
5,9,18.737067097885564
5,9,35.02800091359181
5,9,50.47085840257909
5,9,66.82718833851924
5,9,82.87700063576384
5,9,100.76238253230527
5,9,116.45838711017608
5,9,132.0774132533443
5,9,148.77178836926484
5,9,164.56731259487435
5,9,181.17514002987136
5,9,196.30212938940738
6,0,1.735986008426924
6,0,14.785426114583943
6,0,27.412227679878296
6,0,40.569869936706105
6,0,53.69197409118228
6,0,67.45364061031391
6,0,80.38500824628814
6,0,93.04187447457963
6,0,105.44675121106383
6,0,118.47985355501793
6,0,131.13025857771552
6,0,144.0559922860276
6,0,157.1987596454003
6,0,169.83616291271363
6,0,183.0335492296178
6,0,196.47271816065114
6,1,1.5788551252655854
6,1,14.740200613735954
6,1,27.573565972759734
6,1,40.71580604538375
6,1,53.49013137100135
6,1,65.98692961791242
6,1,80.14842807837732
6,1,92.96287766528026
6,1,105.90425862587003
6,1,118.82221090808086
6,1,132.4119620610898
6,1,145.4388159791398
6,1,158.3359300792029
6,1,171.13532315226334
6,1,184.34272161405474
6,1,197.75327692283207
6,2,1.6479535035341053
6,2,14.883203590538773
6,2,28.037008098002598
6,2,40.72694137625807
6,2,53.76850886772877
6,2,66.5934839802838
6,2,79.23587576203609
6,2,92.38215006312245
6,2,105.04151834091735
6,2,118.4638879591681
6,2,131.46717050945554
6,2,144.09089371486084
6,2,156.6334606725642
6,2,170.4311158035225
6,2,184.00177349193834
6,2,197.85925567488752
6,3,1.5854030246391786
6,3,14.836644810647753
6,3,28.883348779141013
6,3,41.729218994247006
6,3,55.010661560883314
6,3,67.9461532484548
6,3,81.06544330057771
6,3,93.59512592172402
6,3,106.4362656789323
6,3,119.56596444563414
6,3,132.24995751449407
6,3,145.64820539228646
6,3,158.3469566988056
6,3,171.50079394733086
6,3,184.47095377739058
6,3,197.30821278149992
6,4,1.5558717657079684
6,4,14.483830358021022
6,4,27.764379093418924
6,4,40.90315299905763
6,4,53.71648517618237
6,4,66.92866007156537
6,4,79.78397689292169
6,4,92.71659471976368
6,4,105.77121954451914
6,4,119.09868638626438
6,4,132.60221207716978
6,4,145.92702155025088
6,4,158.1735998446262
6,4,171.63774381479607
6,4,185.03961420653292
6,4,197.7998822553445
6,5,1.5578348064480176
6,5,14.909548567293216
6,5,28.667245150512517
6,5,41.53220580551799
6,5,54.300492636520865
6,5,67.39341478065629
6,5,80.66498260922724
6,5,94.1125617795001
6,5,107.02511349359983
6,5,120.86923934135051
6,5,133.8241179796982
6,5,147.30821566470837
6,5,160.51500498421805
6,5,173.21538664874356
6,5,185.80928569220598
6,5,198.70805221433886
6,6,1.57112018377292
6,6,14.979421146720544
6,6,27.97575772587931
6,6,40.90718567111257
6,6,54.0640048530293
6,6,67.2890909273111
6,6,80.17487462761696
6,6,93.23918572734438
6,6,106.50248932995753
6,6,119.10440942341874
6,6,131.8943760437668
6,6,144.5984091392018
6,6,157.1091137741801
6,6,169.92597779172652
6,6,182.53384425251872
6,6,195.54815990118178
6,7,1.583667980943423
6,7,15.023181553596856
6,7,27.97099564031217
6,7,41.48561710677666
6,7,54.214120928972385
6,7,67.24352337519247
6,7,80.43848313656541
6,7,93.12841377881547
6,7,105.82879085966633
6,7,118.5996086917188
6,7,131.87709327314542
6,7,145.32098173623993
6,7,158.25580686554412
6,7,171.928272546762
6,7,184.50795522630867
6,7,197.62579155150408
6,8,1.5885504280939975
6,8,15.277069037958308
6,8,28.61522456004178
6,8,42.017556790304866
6,8,55.52328619943768
6,8,68.6314653390875
6,8,81.53582103746247
6,8,94.6606606781833
6,8,107.90516885240295
6,8,120.48324647897304
6,8,132.9741333104857
6,8,145.59758599945692
6,8,158.47017116002266
6,8,171.57552677957045
6,8,184.11985794149737
6,8,196.56523290808792
6,9,1.5178008585662799
6,9,14.731389115141784
6,9,27.8948305292314
6,9,40.66050334795833
6,9,54.6013698756878
6,9,67.17989646855668
6,9,80.47494537367945
6,9,94.28184080013297
6,9,107.42064890415608
6,9,120.08348393429686
6,9,133.63019098523912
6,9,146.97413174384445
6,9,159.92758924028175
6,9,173.0341595882939
6,9,185.78197706942842
6,9,198.50860090440227
